{
	"format_version": "1.8.0",
	"animations": {
		"animation.chewshire.air_idle": {
			"loop": true,
			"animation_length": 2.5,
			"bones": {
				"shoulder_left": {
					"rotation": [17.80232, 36.43129, 28.40086]
				},
				"arm_left": {
					"rotation": [51.3547, 12.80911, 49.52501]
				},
				"forearm_left": {
					"rotation": {
						"0.0": {
							"post": [0, 0, -107.5],
							"lerp_mode": "catmullrom"
						},
						"1.2083": {
							"post": [0, 0, -87.5],
							"lerp_mode": "catmullrom"
						},
						"2.5": {
							"post": [0, 0, -107.5],
							"lerp_mode": "catmullrom"
						}
					}
				},
				"paw_left": {
					"rotation": [-32.59907, 4.21541, 79.80864]
				},
				"shoulder_right": {
					"rotation": [17.17679, -53.10479, -21.13216]
				},
				"arm_right": {
					"rotation": [37.91318, -8.17773, -45.77509]
				},
				"forearm_right": {
					"rotation": {
						"0.0": {
							"post": [0, 0, 95],
							"lerp_mode": "catmullrom"
						},
						"1.1667": {
							"post": [0, 0, 85],
							"lerp_mode": "catmullrom"
						},
						"2.5": {
							"post": [0, 0, 95],
							"lerp_mode": "catmullrom"
						}
					}
				},
				"paw_right": {
					"rotation": [-32.5, -15, -87.5]
				},
				"tail1": {
					"rotation": {
						"0.0": [14.33501, 4.46375, -13.43839],
						"0.0417": [14.3388, 4.33729, -14.77007],
						"0.0833": [14.34723, 4.14552, -15.40522],
						"0.125": [14.35822, 3.93423, -15.64555],
						"0.1667": [14.37088, 3.71251, -15.6222],
						"0.2083": [14.38472, 3.48416, -15.40712],
						"0.25": [14.39944, 3.25118, -15.04404],
						"0.4583": [14.48066, 2.04871, -11.79271],
						"1.0": [14.70235, -1.12699, 1.96156],
						"1.25": [14.77837, -2.44948, 9.43018],
						"1.2917": [14.78216, -2.57594, 10.6658],
						"1.3333": [14.77826, -2.4428, 11.55562],
						"1.375": [14.76938, -2.23805, 11.97426],
						"1.4167": [14.75764, -2.01143, 12.08292],
						"1.4583": [14.74401, -1.77312, 11.96705],
						"1.5": [14.72903, -1.52736, 11.67903],
						"1.5417": [14.71304, -1.27645, 11.2536],
						"1.75": [14.62445, 0.01939, 7.72792],
						"2.1667": [14.43824, 2.65205, -3.10517],
						"2.4583": [14.33891, 4.33061, -12.14326],
						"2.5": [14.33501, 4.46375, -13.43839]
					}
				},
				"tail2": {
					"rotation": {
						"0.0": [24.81197, 3.1622, -2.30423],
						"0.0417": [24.81197, 3.05641, -4.34562],
						"0.0833": [24.81197, 2.89904, -5.95318],
						"0.125": [24.81197, 2.72664, -7.23306],
						"0.1667": [24.81197, 2.54622, -8.25412],
						"0.2083": [24.81197, 2.3607, -9.0636],
						"0.25": [24.81197, 2.17163, -9.69546],
						"0.2917": [24.81197, 1.9799, -10.17535],
						"0.3333": [24.81197, 1.78616, -10.52181],
						"0.375": [24.81197, 1.59085, -10.75146],
						"0.5417": [24.81197, 0.79937, -10.71387],
						"0.75": [24.81197, -0.20012, -9.0191],
						"1.0": [24.81197, -1.39427, -5.1447],
						"1.2083": [24.81197, -2.3607, -0.52548],
						"1.3333": [24.81197, -2.89904, 2.9721],
						"1.375": [24.81197, -3.0564, 4.31694],
						"1.4167": [24.81197, -3.1622, 5.80423],
						"1.4583": [24.81197, -3.03221, 7.12691],
						"1.5": [24.81197, -2.82728, 8.06192],
						"1.5417": [24.81197, -2.59863, 8.73088],
						"1.5833": [24.81197, -2.3573, 9.20034],
						"1.625": [24.81197, -2.10792, 9.51313],
						"1.6667": [24.81197, -1.85299, 9.6968],
						"1.8333": [24.81197, -0.80234, 9.4686],
						"2.0417": [24.81197, 0.5355, 7.62048],
						"2.25": [24.81197, 1.85299, 4.35081],
						"2.375": [24.81197, 2.59864, 1.57812],
						"2.4167": [24.81197, 2.82728, 0.441],
						"2.4583": [24.81197, 3.03221, -0.87955],
						"2.5": [24.81197, 3.1622, -2.55423]
					}
				},
				"tail3": {
					"rotation": {
						"0.0": [19.5623, 4.2453, -8.51782],
						"0.0417": [19.56353, 4.12551, -11.83802],
						"0.0833": [19.5661, 3.9502, -14.28126],
						"0.125": [19.56936, 3.75909, -16.09948],
						"0.1667": [19.57305, 3.5596, -17.44272],
						"0.2083": [19.57703, 3.35472, -18.41042],
						"0.25": [19.58122, 3.1461, -19.07155],
						"0.2917": [19.58559, 2.93469, -19.47806],
						"0.3333": [19.59008, 2.72114, -19.66715],
						"0.375": [19.59468, 2.50589, -19.67046],
						"0.4167": [19.59937, 2.28928, -19.51142],
						"0.4583": [19.60413, 2.07157, -19.20935],
						"0.5": [19.60894, 1.85297, -18.78126],
						"0.5417": [19.61381, 1.63365, -18.24058],
						"0.75": [19.63853, 0.53076, -14.22044],
						"1.2917": [19.70083, -2.30567, 1.52206],
						"1.4583": [19.71594, -3.10977, 6.39062],
						"1.5": [19.71852, -3.28507, 7.45575],
						"1.5417": [19.71975, -3.40487, 8.40805],
						"1.5833": [19.71823, -3.23233, 9.19208],
						"1.625": [19.71448, -2.95215, 9.79057],
						"1.6667": [19.70926, -2.63649, 10.21517],
						"1.7083": [19.70299, -2.30173, 10.47613],
						"1.75": [19.69595, -1.95493, 10.58251],
						"1.7917": [19.68832, -1.59994, 10.54237],
						"1.8333": [19.68025, -1.23913, 10.36281],
						"1.875": [19.67185, -0.87417, 10.0502],
						"1.9167": [19.6632, -0.50627, 9.60953],
						"1.9583": [19.6544, -0.13642, 9.04628],
						"2.0": [19.64549, 0.23455, 8.36456],
						"2.0417": [19.63656, 0.60588, 7.56798],
						"2.0833": [19.62765, 0.97685, 6.65942],
						"2.125": [19.61884, 1.3467, 5.64161],
						"2.1667": [19.6102, 1.7146, 4.51637],
						"2.2083": [19.6018, 2.07957, 3.28448],
						"2.25": [19.59373, 2.44037, 1.94668],
						"2.2917": [19.5861, 2.79536, 0.50219],
						"2.3333": [19.57906, 3.14216, -1.05135],
						"2.375": [19.57279, 3.47692, -2.71807],
						"2.4167": [19.56756, 3.79258, -4.50556],
						"2.4583": [19.56382, 4.07276, -6.42835],
						"2.5": [19.5623, 4.2453, -8.51782]
					}
				},
				"tail4": {
					"rotation": [30, 0, 0]
				},
				"waist": {
					"rotation": [77.5, 0, 0],
					"position": {
						"0.0": [0, 0, 0],
						"0.0417": [0, -0.00203, 0],
						"0.0833": [0, -0.02243, 0],
						"0.125": [0, -0.05788, 0],
						"0.1667": [0, -0.10591, 0],
						"0.7083": [0, -1.24639, 0],
						"0.9167": [0, -1.69341, 0],
						"1.0417": [0, -1.89409, 0],
						"1.0833": [0, -1.94212, 0],
						"1.125": [0, -1.97757, 0],
						"1.1667": [0, -1.99797, 0],
						"1.2083": [0, -2, 0],
						"1.25": [0, -1.98346, 0],
						"1.2917": [0, -1.953, 0],
						"1.8333": [0, -1, 0],
						"2.125": [0, -0.4078, 0],
						"2.2917": [0, -0.13956, 0],
						"2.375": [0, -0.047, 0],
						"2.4167": [0, -0.01654, 0],
						"2.4583": [0, 0, 0]
					}
				},
				"tail": {
					"rotation": {
						"0.0": [21.80633, 5.68422, -13.9042],
						"0.0417": [21.80415, 5.61555, -13.78652],
						"0.0833": [21.79918, 5.43522, -13.39585],
						"0.125": [21.79261, 5.17025, -12.79069],
						"0.1667": [21.78498, 4.83965, -12.01261],
						"0.2083": [21.7766, 4.45648, -11.09466],
						"0.7083": [21.65482, -1.8717, 4.72186],
						"0.9167": [21.60418, -4.49501, 11.27077],
						"1.0": [21.58586, -5.38022, 13.4312],
						"1.0417": [21.57748, -5.76339, 14.34915],
						"1.0833": [21.56985, -6.09399, 15.12723],
						"1.125": [21.56328, -6.35897, 15.73239],
						"1.1667": [21.55831, -6.53929, 16.12306],
						"1.2083": [21.55613, -6.60796, 16.24074],
						"1.25": [21.55828, -6.53999, 16.04807],
						"1.2917": [21.56312, -6.36338, 15.61208],
						"1.3333": [21.56947, -6.1062, 14.98821],
						"1.375": [21.57682, -5.78712, 14.21605],
						"1.9167": [21.70152, 0.61884, -1.49335],
						"2.125": [21.75075, 3.18473, -7.79346],
						"2.2917": [21.78564, 4.86338, -11.87951],
						"2.3333": [21.79299, 5.18246, -12.65167],
						"2.375": [21.79934, 5.43964, -13.27554],
						"2.4167": [21.80418, 5.61625, -13.71153],
						"2.4583": [21.80633, 5.68422, -13.9042]
					}
				},
				"torso": {
					"rotation": {
						"0.0": [-35, 0, 0],
						"0.5417": [-36.18655, 0, 0],
						"1.0417": [-37.44724, 0, 0],
						"1.125": [-37.5, 0, 0],
						"1.6667": [-36.58836, 0, 0],
						"2.2083": [-35.37351, 0, 0],
						"2.5": [-35, 0, 0]
					}
				},
				"head": {
					"rotation": {
						"0.0": [-27.65238, 2.26164, -0.25077],