{
	"format_version": "1.8.0",
	"animations": {
		"animation.lymming.ground_idle": {
			"loop": true,
			"animation_length": 1,
			"bones": {
				"body": {
					"rotation": {
						"0.0": [0, 0, 0],
						"0.1667": [-7.5, 0, 0],
						"0.4583": [-13.69, 0, 0],
						"0.875": [-16.5, 0, 0],
						"0.9583": [-7, 0, 0],
						"1.0": [0, 0, 0]
					},
					"position": {
						"0.0": [0, 0, 0],
						"0.0833": [0, 2.82, 0],
						"0.2083": [0, 4.75, 0],
						"0.3333": [0, 5.63, 0],
						"0.5": [0, 6, 0],
						"0.6667": [0, 5.63, 0],
						"0.7917": [0, 4.75, 0],
						"0.9167": [0, 3.07, 0],
						"1.0": [0, 0, 0]
					}
				},
				"head": {
					"rotation": {
						"0.0": [0, 0, 0],
						"0.0417": [35, 0, 0],
						"0.1667": [12.82, 0, 0],
						"0.375": [-2.5, 0, 0],
						"0.625": [-16.82, 0, 0],
						"0.75": [-18.49, 0, 0],
						"0.9167": [-14.5, 0, 0],
						"1.0": [0, 0, 0]
					}
				},
				"jaw": {
					"rotation": {
						"0.0": [5, 0, 0],
						"0.4167": [5, 0, 0],
						"0.9167": [45, 0, 0],
						"1.0": [5, 0, 0]
					}
				},
				"eye_left": {
					"rotation": {
						"0.0": [0, 0, 0],
						"0.0417": [60, 0, 0],
						"0.1667": [27.32, 0, 0],
						"0.375": [-7.83, 0, 0],
						"0.625": [-22.5, 0, 0],
						"0.9583": [-7.5, 0, 0],
						"1.0": [0, 0, 0]
					}
				},
				"eyestalk_left": {
					"rotation": {
						"0.0": [0, 0, 0],
						"0.0417": [52.5, 0, 0],
						"0.2083": [17.21, 0, 0],
						"0.4583": [-9, 0, 0],
						"0.75": [-12.5, 0, 0],
						"1.0": [0, 0, 0]
					}
				},
				"eye_right": {
					"rotation": {
						"0.0": [0, 0, 0],
						"0.0417": [60, 0, 0],
						"0.1667": [27.32, 0, 0],
						"0.375": [-7.83, 0, 0],
						"0.625": [-22.5, 0, 0],
						"0.9583": [-7.5, 0, 0],
						"1.0": [0, 0, 0]
					}
				},
				"eyestalk_right": {
					"rotation": {
						"0.0": [0, 0, 0],
						"0.0417": [52.5, 0, 0],
						"0.2083": [17.21, 0, 0],
						"0.4583": [-9, 0, 0],
						"0.75": [-12.5, 0, 0],
						"1.0": [0, 0, 0]
					}
				},
				"leg_left": {
					"rotation": {
						"0.0": [0, 0, 0],
						"0.0417": [27.5, 0, 0],
						"0.2083": [24.36, 0, 0],
						"0.375": [14.64402, 2.55242, -9.67198],
						"0.5417": [-1.03322, -0.48176, -24.99566],
						"0.625": [-13.64973, -6.27967, -24.24769]
					}
				},
				"foot_left": {
					"rotation": {
						"0.0": [0, 0, 0],
						"0.0417": [25, 0, 0],
						"0.2917": [22.57, 0, 0],
						"0.5": [14.14, 0, 0],
						"0.6667": [-0.18, 0, 0],
						"0.7917": [-17.5, 0, 0]
					}
				},
				"leg_right": {
					"rotation": {
						"0.0": [0, 0, 0],
						"0.0417": [27.5, 0, 0],
						"0.2083": [24.36, 0, 0],
						"0.375": [14.64402, -2.55242, 9.67198],
						"0.5417": [-1.03322, 0.48176, 24.99566],
						"0.625": [-13.64973, 6.27967, 24.24769]
					}
				},
				"foot_right": {
					"rotation": {
						"0.0": [0, 0, 0],
						"0.0417": [25, 0, 0],
						"0.2917": [22.57, 0, 0],
						"0.5": [14.14, 0, 0],
						"0.6667": [-0.18, 0, 0],
						"0.7917": [-17.5, 0, 0]
					}
				}
			}
		},
		"animation.lymming.ground_walk": {
			"loop": true,
			"animation_length": 1,
			"bones": {
				"jaw": {
					"rotation": ["10+Math.cos((query.anim_time + 0.8) * 90*8) * 10", 0, 0]
				},
				"body": {
					"rotation": ["-10+Math.cos((query.anim_time + 0.4) * 90*8) * 4", 0, "Math.cos((query.anim_time + 0.2) * 90*4) * -10"],
					"position": [0, "0.3+Math.cos((query.anim_time + 0.2) * 90*8) * 0.6", 0]
				},
				"head": {
					"rotation": ["Math.cos((query.anim_time + 0.8) * 90*8) * 10", 0, 0]
				},
				"eye_left": {
					"rotation": ["Math.cos((query.anim_time + 0.7) * 90*8) * 3", 0, 0]
				},
				"eyestalk_left": {
					"rotation": ["Math.cos((query.anim_time + 0.6) * 90*8) * 3", 0, 0]
				},
				"eye_right": {
					"rotation": ["Math.cos((query.anim_time + 0.7) * 90*8) * 10", 0, 0]
				},
				"eyestalk_right": {
					"rotation": ["Math.cos((query.anim_time + 0.5) * 90*8) * 3", 0, 0]
				},
				"leg_left": {
					"rotation": {
						"0.0": [-62.5, 0, 0],
						"0.1667": [-22.5, 0, 0],
						"0.3333": [35, 0, 0],
						"0.5": [72.5, 0, 0],
						"0.6667": [67.62826, 37.80946, -14.1614],
						"0.75": [20.97224, 35.7026, -42.34954],
						"0.8333": [-5.95396, 18.15126, -33.45957],
						"1.0": [-62.5, 0, 0]
					}
				},
				"foot_left": {
					"rotation": {
						"0.0": [30, 0, 0],
						"0.1667": [25, 0, 0],
						"0.3333": [-20, 0, 0],
						"0.5": [-21.88023, -23.39896, 9.06159],
						"0.6667": [26.27408, -39.40865, -17.40119],
						"0.8333": [-23.11296, -19.70432, -8.70059],
						"1.0": [30, 0, 0]
					}
				},
				"leg_right": {
					"rotation": {
						"0.0": [72.5, 0, 0],
						"0.1667": [67.62826, -37.80946, 14.1614],
						"0.25": [20.97224, -35.7026, 42.34954],
						"0.3333": [-5.95396, -18.15126, 33.45957],
						"0.5": [-62.5, 0, 0],
						"0.6667": [-22.5, 0, 0],
						"0.8333": [35, 0, 0],
						"1.0": [72.5, 0, 0]
					}
				},
				"foot_right": {
					"rotation": {
						"0.0": [-21.88023, 23.39896, -9.06159],
						"0.1667": [26.27408, 39.40865, 17.40119],
						"0.3333": [-23.11296, 19.70432, 8.70059],
						"0.5": [30, 0, 0],
						"0.6667": [25, 0, 0],
						"0.8333": [-20, 0, 0],
						"1.0": [-21.88023, 23.39896, -9.06159]
					}
				}
			}
		}
	}
}