{
	"format_version": "1.8.0",
	"animations": {
		"animation.masticat.air_idle": {
			"loop": true,
			"animation_length": 2,
			"bones": {
				"head": {
					"rotation": {
						"0.0": [-21, 0, 0],
						"0.0417": [-21.89883, 0, 0],
						"0.0833": [-22.53686, 0, 0],
						"0.125": [-22.92977, 0, 0],
						"0.1667": [-23.09364, 0, 0],
						"0.2083": [-23.04495, 0, 0],
						"0.25": [-22.80051, 0, 0],
						"0.2917": [-22.37687, 0, 0],
						"0.3333": [-21.79209, 0, 0],
						"0.375": [-21.06386, 0, 0],
						"0.4167": [-20.21002, 0, 0],
						"0.75": [-11.02846, 0, 0],
						"0.9167": [-6.74124, 0, 0],
						"0.9583": [-5.8894, 0, 0],
						"1.0": [-5.15839, 0, 0],
						"1.0417": [-4.56397, 0, 0],
						"1.0833": [-4.1213, 0, 0],
						"1.125": [-3.84521, 0, 0],
						"1.1667": [-3.75, 0, 0],
						"1.3333": [-4.30266, 0, 0],
						"1.375": [-4.66966, 0, 0],
						"1.4167": [-5.16126, 0, 0],
						"1.4583": [-5.79517, 0, 0],
						"1.5": [-6.58526, 0, 0],
						"1.5417": [-7.5364, 0, 0],
						"1.5833": [-8.63768, 0, 0],
						"1.8333": [-16.44045, 0, 0],
						"2.0": [-21, 0, 0]
					}
				},
				"tail2": {
					"rotation": {
						"0.0": [12.5, 0, 0],
						"0.0417": [11.589, 0, 0],
						"0.0833": [11.08468, 0, 0],
						"0.125": [10.85748, 0, 0],
						"0.1667": [10.83293, 0, 0],
						"0.2083": [10.96271, 0, 0],
						"0.75": [18.32211, 0, 0],
						"0.9583": [21.39621, 0, 0],
						"1.0417": [22.24037, 0, 0],
						"1.0833": [22.5, 0, 0],
						"1.25": [22.49133, 0, 0],
						"1.5": [20.23227, 0, 0],
						"1.9583": [13.1177, 0, 0],
						"2.0": [12.5, 0, 0]
					}
				},
				"tail3": {
					"rotation": {
						"0.0": [31, 0, 0],
						"0.0417": [28.97493, 0, 0],
						"0.0833": [27.33643, 0, 0],
						"0.125": [26.05925, 0, 0],
						"0.1667": [25.12093, 0, 0],
						"0.2083": [24.50129, 0, 0],
						"0.25": [24.17799, 0, 0],
						"0.2917": [24.1323, 0, 0],
						"0.3333": [24.34881, 0, 0],
						"0.375": [24.80811, 0, 0],
						"0.4167": [25.49416, 0, 0],
						"0.4583": [26.39206, 0, 0],
						"0.5": [27.48669, 0, 0],
						"0.5417": [28.76234, 0, 0],
						"0.5833": [30.20432, 0, 0],
						"0.625": [31.79792, 0, 0],
						"0.6667": [33.52817, 0, 0],
						"0.7083": [35.37972, 0, 0],
						"1.0": [50.24958, 0, 0],
						"1.0833": [54.4166, 0, 0],
						"1.125": [56.31533, 0, 0],
						"1.1667": [58.01641, 0, 0],
						"1.2083": [59.44224, 0, 0],
						"1.25": [60.48665, 0, 0],
						"1.2917": [61, 0, 0],
						"1.3333": [61.03405, 0, 0],
						"1.375": [60.78683, 0, 0],
						"1.4167": [60.2692, 0, 0],
						"1.4583": [59.4917, 0, 0],
						"1.5": [58.4644, 0, 0],
						"1.5417": [57.19827, 0, 0],
						"1.5833": [55.7028, 0, 0],
						"1.625": [53.98898, 0, 0],
						"1.6667": [52.06756, 0, 0],
						"1.7083": [49.94975, 0, 0],
						"1.75": [47.64824, 0, 0],
						"1.7917": [45.17673, 0, 0],
						"1.8333": [42.55153, 0, 0],
						"1.875": [39.79189, 0, 0],
						"2.0": [31, 0, 0]
					}
				},
				"tail4": {
					"rotation": {
						"0.0": [38.25, 0, 0],
						"0.0417": [35.60166, 0, 0],
						"0.0833": [33.15185, 0, 0],
						"0.125": [30.90006, 0, 0],
						"0.1667": [28.84486, 0, 0],
						"0.2083": [26.98488, 0, 0],
						"0.25": [25.31868, 0, 0],
						"0.2917": [23.84463, 0, 0],
						"0.3333": [22.56194, 0, 0],
						"0.375": [21.47034, 0, 0],
						"0.4167": [20.56554, 0, 0],
						"0.4583": [19.84836, 0, 0],
						"0.5": [19.31487, 0, 0],
						"0.5417": [18.96508, 0, 0],
						"0.5833": [18.7946, 0, 0],
						"0.625": [18.80246, 0, 0],
						"0.6667": [18.98612, 0, 0],
						"0.7083": [19.34172, 0, 0],
						"0.75": [19.86611, 0, 0],
						"0.7917": [20.5555, 0, 0],
						"0.8333": [21.40547, 0, 0],
						"0.875": [22.41209, 0, 0],
						"0.9167": [23.56883, 0, 0],
						"0.9583": [24.86923, 0, 0],
						"1.0": [26.30589, 0, 0],
						"1.0417": [27.87038, 0, 0],
						"1.0833": [29.5516, 0, 0],
						"1.3333": [41.14368, 0, 0],
						"1.375": [43.05817, 0, 0],
						"1.4167": [44.83033, 0, 0],
						"1.4583": [46.36027, 0, 0],
						"1.5": [47.5, 0, 0],
						"1.5417": [48.32392, 0, 0],
						"1.5833": [49.02051, 0, 0],
						"1.625": [49.54031, 0, 0],
						"1.6667": [49.81157, 0, 0],
						"1.7083": [49.73485, 0, 0],
						"1.75": [49.19126, 0, 0],
						"1.7917": [48.09112, 0, 0],
						"1.8333": [46.46409, 0, 0],
						"1.875": [44.4856, 0, 0],
						"2.0": [38.25, 0, 0]
					}
				},
				"body": {
					"rotation": {
						"0.0": [25, 0, 0],
						"0.5417": [29.18568, 0, 0],
						"0.8333": [31.81569, 0, 0],
						"1.0": [32.5, 0, 0],
						"1.25": [31.40175, 0, 0],
						"1.6667": [26.89125, 0, 0],
						"1.875": [25.24503, 0, 0],
						"2.0": [25, 0, 0]
					},
					"position": {
						"0.0": [0, 0, 0],
						"0.0417": [0, -0.00589, 0],
						"0.5833": [0, -0.619, 0],
						"0.7917": [0, -0.87966, 0],
						"0.9583": [0, -0.99411, 0],
						"1.0": [0, -1, 0],
						"1.0417": [0, -0.99411, 0],
						"1.5833": [0, -0.381, 0],
						"1.7917": [0, -0.12034, 0],
						"1.9583": [0, -0.00589, 0],
						"2.0": [0, 0, 0]
					}
				}
			}
		}
	}
}