{
	"format_version": "1.8.0",
	"animations": {
		"animation.omnicog.air_idle": {
			"loop": true,
			"animation_length": 3,
			"bones": {
				"body": {
					"rotation": {
						"0.0": [4.25, 0, 0],
						"0.0417": [6.45193, 0, 0],
						"0.0833": [7.99388, 0, 0],
						"0.125": [8.97206, 0, 0],
						"0.1667": [9.46473, 0, 0],
						"0.2083": [9.5384, 0, 0],
						"0.25": [9.25118, 0, 0],
						"0.2917": [8.65301, 0, 0],
						"0.3333": [7.78761, 0, 0],
						"0.375": [6.69542, 0, 0],
						"0.4167": [5.41305, 0, 0],
						"0.4583": [3.97403, 0, 0],
						"0.7083": [-6.23827, 0, 0],
						"0.7917": [-9.5252, 0, 0],
						"0.8333": [-11.00207, 0, 0],
						"0.875": [-12.3173, 0, 0],
						"0.9167": [-13.42773, 0, 0],
						"0.9583": [-14.28465, 0, 0],
						"1.0": [-14.83072, 0, 0],
						"1.0417": [-15, 0, 0],
						"1.0833": [-14.80827, 0, 0],
						"1.125": [-14.31099, 0, 0],
						"1.1667": [-13.49167, 0, 0],
						"1.2083": [-12.33974, 0, 0],
						"1.25": [-10.85742, 0, 0],
						"1.2917": [-9.06407, 0, 0],
						"1.3333": [-7.00272, 0, 0],
						"1.375": [-4.7422, 0, 0],
						"1.4583": [-0.0078, 0, 0],
						"1.5": [2.25272, 0, 0],
						"1.5417": [4.31407, 0, 0],
						"1.5833": [6.10742, 0, 0],
						"1.625": [7.58974, 0, 0],
						"1.6667": [8.74167, 0, 0],
						"1.7083": [9.56099, 0, 0],
						"1.75": [10.05827, 0, 0],
						"1.7917": [10.25, 0, 0],
						"1.8333": [10.14958, 0, 0],
						"1.875": [9.75497, 0, 0],
						"1.9167": [9.06671, 0, 0],
						"1.9583": [8.08874, 0, 0],
						"2.0": [6.83196, 0, 0],
						"2.0417": [5.31461, 0, 0],
						"2.0833": [3.56393, 0, 0],
						"2.125": [1.61749, 0, 0],
						"2.2917": [-7.00417, 0, 0],
						"2.3333": [-9.0118, 0, 0],
						"2.375": [-10.80388, 0, 0],
						"2.4167": [-12.30679, 0, 0],
						"2.4583": [-13.45613, 0, 0],
						"2.5": [-14.19983, 0, 0],
						"2.5417": [-14.5, 0, 0],
						"2.5833": [-14.44346, 0, 0],
						"2.625": [-14.11161, 0, 0],
						"2.6667": [-13.46034, 0, 0],
						"2.7083": [-12.43994, 0, 0],
						"2.75": [-10.99941, 0, 0],
						"2.7917": [-9.09963, 0, 0],
						"2.8333": [-6.73932, 0, 0],
						"2.875": [-3.99742, 0, 0],
						"2.9583": [1.77089, 0, 0],
						"3.0": [4.25, 0, 0]
					},
					"position": {
						"0.0": [0, 2, 0],
						"0.0417": [0, 1.98101, 0],
						"0.0833": [0, 1.91512, 0],
						"0.125": [0, 1.80513, 0],
						"0.1667": [0, 1.65499, 0],
						"0.2083": [0, 1.46947, 0],
						"0.25": [0, 1.2543, 0],
						"0.2917": [0, 1.01609, 0],
						"0.4583": [0, -0.01609, 0],
						"0.5": [0, -0.2543, 0],
						"0.5417": [0, -0.46947, 0],
						"0.5833": [0, -0.65499, 0],
						"0.625": [0, -0.80513, 0],
						"0.6667": [0, -0.91512, 0],
						"0.7083": [0, -0.98101, 0],
						"0.75": [0, -1, 0],
						"0.7917": [0, -0.97187, 0],
						"0.8333": [0, -0.89975, 0],
						"0.875": [0, -0.78625, 0],
						"0.9167": [0, -0.63508, 0],
						"0.9583": [0, -0.45073, 0],
						"1.0": [0, -0.23856, 0],
						"1.0417": [0, -0.00478, 0],
						"1.2083": [0, 1.00478, 0],
						"1.25": [0, 1.23856, 0],
						"1.2917": [0, 1.45073, 0],
						"1.3333": [0, 1.63508, 0],
						"1.375": [0, 1.78625, 0],
						"1.4167": [0, 1.89975, 0],
						"1.4583": [0, 1.97187, 0],
						"1.5": [0, 2, 0],
						"1.5417": [0, 1.98101, 0],
						"1.5833": [0, 1.91512, 0],
						"1.625": [0, 1.80513, 0],
						"1.6667": [0, 1.65499, 0],
						"1.7083": [0, 1.46947, 0],
						"1.75": [0, 1.2543, 0],
						"1.7917": [0, 1.01609, 0],
						"1.9583": [0, -0.01609, 0],
						"2.0": [0, -0.2543, 0],
						"2.0417": [0, -0.46947, 0],
						"2.0833": [0, -0.65499, 0],
						"2.125": [0, -0.80513, 0],
						"2.1667": [0, -0.91512, 0],
						"2.2083": [0, -0.98101, 0],
						"2.25": [0, -1, 0],
						"2.2917": [0, -0.97187, 0],
						"2.3333": [0, -0.89975, 0],
						"2.375": [0, -0.78625, 0],
						"2.4167": [0, -0.63508, 0],
						"2.4583": [0, -0.45073, 0],
						"2.5": [0, -0.23856, 0],
						"2.5417": [0, -0.00478, 0],
						"2.7083": [0, 1.00478, 0],
						"2.75": [0, 1.23856, 0],
						"2.7917": [0, 1.45073, 0],
						"2.8333": [0, 1.63508, 0],
						"2.875": [0, 1.78625, 0],
						"2.9167": [0, 1.89975, 0],
						"2.9583": [0, 1.97187, 0],
						"3.0": [0, 2, 0]
					}
				},
				"frontcog": {
					"rotation": {
						"0.0": [0, 0, -32.5],
						"0.0417": [0, 0, -32.4828],
						"0.0833": [0, 0, -32.35312],
						"0.125": [0, 0, -32.1],
						"0.1667": [0, 0, -31.70791],
						"0.2083": [0, 0, -31.16253],
						"0.25": [0, 0, -30.44645],
						"0.2917": [0, 0, -29.53822],
						"0.3333": [0, 0, -28.4128],
						"0.375": [0, 0, -27.0427],
						"0.4167": [0, 0, -25.39607],
						"0.4583": [0, 0, -23.43305],
						"0.5": [0, 0, -21.11631],
						"0.5417": [0, 0, -18.40384],
						"0.5833": [0, 0, -15.26139],
						"0.625": [0, 0, -11.67357],
						"0.6667": [0, 0, -7.66061],
						"0.7083": [0, 0, -3.30373],
						"0.7917": [0, 0, 5.80373],
						"0.8333": [0, 0, 10.16061],
						"0.875": [0, 0, 14.17357],
						"0.9167": [0, 0, 17.76139],
						"0.9583": [0, 0, 20.90384],
						"1.0": [0, 0, 23.61631],
						"1.0417": [0, 0, 25.93305],
						"1.0833": [0, 0, 27.89607],
						"1.125": [0, 0, 29.5427],
						"1.1667": [0, 0, 30.9128],
						"1.2083": [0, 0, 32.03822],
						"1.25": [0, 0, 32.94645],
						"1.2917": [0, 0, 33.66253],
						"1.3333": [0, 0, 34.20791],
						"1.375": [0, 0, 34.6],
						"1.4167": [0, 0, 34.85312],
						"1.4583": [0, 0, 34.9828],
						"1.5": [0, 0, 35],
						"1.5417": [0, 0, 34.91137],
						"1.5833": [0, 0, 34.71458],
						"1.625": [0, 0, 34.39909],
						"1.6667": [0, 0, 33.94998],
						"1.7083": [0, 0, 33.35347],
						"1.75": [0, 0, 32.59283],
						"1.7917": [0, 0, 31.64742],
						"1.8333": [0, 0, 30.49318],
						"1.875": [0, 0, 29.10366],
						"1.9167": [0, 0, 27.44826],
						"1.9583": [0, 0, 25.48862],
						"2.0": [0, 0, 23.18887],
						"2.0417": [0, 0, 20.5086],
						"2.0833": [0, 0, 17.41488],
						"2.125": [0, 0, 13.89292],
						"2.1667": [0, 0, 9.96217],
						"2.2083": [0, 0, 5.70073],
						"2.2917": [0, 0, -3.20073],
						"2.3333": [0, 0, -7.46217],
						"2.375": [0, 0, -11.39292],
						"2.4167": [0, 0, -14.91488],
						"2.4583": [0, 0, -18.0086],
						"2.5": [0, 0, -20.68887],
						"2.5417": [0, 0, -22.98862],
						"2.5833": [0, 0, -24.94826],
						"2.625": [0, 0, -26.60366],
						"2.6667": [0, 0, -27.99318],
						"2.7083": [0, 0, -29.14742],
						"2.75": [0, 0, -30.09283],
						"2.7917": [0, 0, -30.85347],
						"2.8333": [0, 0, -31.44998],
						"2.875": [0, 0, -31.89909],
						"2.9167": [0, 0, -32.21458],
						"2.9583": [0, 0, -32.41137],
						"3.0": [0, 0, -32.5]
					}
				},
				"backcog": {
					"rotation": {
						"0.0": [0, 0, 0],
						"3.0": [0, 0, 360]
					}
				},
				"bodycog": {
					"rotation": {
						"0.0": [0, 0, 0],
						"3.0": [0, 0, -360]
					}
				}
			}
		}
	}
}