{
	"format_version": "1.8.0",
	"animations": {
		"animation.oremand.ground_idle": {
			"loop": true,
			"animation_length": 2,
			"bones": {
				"armgear_right": {
					"rotation": {
						"0.0": [0, 0, 0],
						"2.0": [360, 0, 0]
					}
				},
				"crushingwheel_right": {
					"rotation": {
						"0.0": [0, 0, 0],
						"1.0": [0, 0, -360],
						"2.0": [0, 0, -720]
					}
				},
				"forearm_right": {
					"rotation": [-15.01732, -75.23042, 30.20852]
				},
				"hand_right": {
					"rotation": [-22.32648, 2.86313, 29.43488]
				},
				"arm_right": {
					"rotation": {
						"0.0": [5.10515, 5.84416, -18.84887],
						"0.5417": [0.90228, 5.84416, -18.84887],
						"0.7917": [-1.52568, 5.84416, -18.84887],
						"0.9583": [-2.37477, 5.84416, -18.84887],
						"1.0": [-2.39485, 5.84416, -18.84887],
						"1.5417": [1.78109, 5.84416, -18.84887],
						"1.8333": [4.40535, 5.84416, -18.84887],
						"2.0": [5.10515, 5.84416, -18.84887]
					}
				},
				"body": {
					"rotation": {
						"0.0": [1.5, 0, 0],
						"0.2083": [-0.22467, 0, 0],
						"0.4583": [-0.57859, 0, 0],
						"1.0": [3.15288, 0, 0],
						"1.2083": [5, 0, 0],
						"1.4583": [5.69614, 0, 0],
						"1.7083": [4.6439, 0, 0],
						"1.9583": [2.07423, 0, 0],
						"2.0": [1.5, 0, 0]
					}
				},
				"jaw": {
					"rotation": {
						"0.0": [37.5, 0, 0],
						"0.0417": [39.57611, 0, 0],
						"0.0833": [41.30884, 0, 0],
						"0.125": [42.71571, 0, 0],
						"0.1667": [43.81315, 0, 0],
						"0.2083": [44.61666, 0, 0],
						"0.25": [45.14092, 0, 0],
						"0.2917": [45.39993, 0, 0],
						"0.3333": [45.40712, 0, 0],
						"0.375": [45.17547, 0, 0],
						"0.4167": [44.71759, 0, 0],
						"0.4583": [44.0459, 0, 0],
						"0.5": [43.17265, 0, 0],
						"0.5417": [42.11009, 0, 0],
						"0.5833": [40.87059, 0, 0],
						"0.625": [39.46635, 0, 0],
						"0.6667": [37.90968, 0, 0],
						"0.7083": [36.21484, 0, 0],
						"0.75": [34.39531, 0, 0],
						"1.0": [21.86593, 0, 0],
						"1.0833": [17.71024, 0, 0],
						"1.125": [15.83841, 0, 0],
						"1.1667": [14.22086, 0, 0],
						"1.2083": [13, 0, 0],
						"1.25": [12.16025, 0, 0],
						"1.2917": [11.55662, 0, 0],
						"1.3333": [11.19797, 0, 0],
						"1.375": [11.09094, 0, 0],
						"1.4167": [11.24007, 0, 0],
						"1.4583": [11.64694, 0, 0],
						"1.5": [12.31052, 0, 0],
						"1.5417": [13.22754, 0, 0],
						"1.5833": [14.39252, 0, 0],
						"1.625": [15.79791, 0, 0],
						"1.6667": [17.43475, 0, 0],
						"1.7083": [19.29276, 0, 0],
						"1.75": [21.36054, 0, 0],
						"1.7917": [23.62621, 0, 0],
						"1.8333": [26.07768, 0, 0],
						"1.875": [28.70261, 0, 0],
						"1.9167": [31.48918, 0, 0],
						"1.9583": [34.42532, 0, 0],
						"2.0": [37.5, 0, 0]
					}
				},
				"mouthtop": {
					"rotation": {
						"0.0": [-37, 0, 0],
						"0.0417": [-37.35939, 0, 0],
						"0.0833": [-37.59488, 0, 0],
						"0.125": [-37.70803, 0, 0],
						"0.1667": [-37.70063, 0, 0],
						"0.2083": [-37.57416, 0, 0],
						"0.25": [-37.33029, 0, 0],
						"0.2917": [-36.9721, 0, 0],
						"0.3333": [-36.5014, 0, 0],
						"0.375": [-35.92134, 0, 0],
						"0.4167": [-35.23539, 0, 0],
						"0.5833": [-31.5136, 0, 0],
						"0.9167": [-20.84312, 0, 0],
						"1.0417": [-16.86433, 0, 0],
						"1.0833": [-15.76232, 0, 0],
						"1.125": [-14.86067, 0, 0],
						"1.1667": [-14.23805, 0, 0],
						"1.2083": [-14, 0, 0],
						"1.25": [-14.18354, 0, 0],
						"1.2917": [-14.71128, 0, 0],
						"1.3333": [-15.54617, 0, 0],
						"1.375": [-16.64738, 0, 0],
						"1.4167": [-17.97152, 0, 0],
						"1.4583": [-19.47296, 0, 0],
						"1.6667": [-28.0606, 0, 0],
						"1.7083": [-29.70554, 0, 0],
						"1.75": [-31.2448, 0, 0],
						"1.7917": [-32.65112, 0, 0],
						"1.8333": [-33.90113, 0, 0],
						"1.875": [-34.97545, 0, 0],
						"1.9167": [-35.85786, 0, 0],
						"1.9583": [-36.53609, 0, 0],
						"2.0": [-37, 0, 0]
					}
				},
				"arm_left": {
					"rotation": {
						"0.0": [5.10515, -5.84416, 18.84887],
						"0.5417": [0.90228, -5.84416, 18.84887],
						"0.7917": [-1.52568, -5.84416, 18.84887],
						"0.9583": [-2.37477, -5.84416, 18.84887],
						"1.0": [-2.39485, -5.84416, 18.84887],
						"1.5417": [1.78109, -5.84416, 18.84887],
						"1.8333": [4.40535, -5.84416, 18.84887],
						"2.0": [5.10515, -5.84416, 18.84887]
					}
				},
				"forearm_left": {
					"rotation": [-1.78935, 63.99665, -16.8865]
				},
				"hand_left": {
					"rotation": [-26.16233, 8.67507, -34.53676]
				},
				"crushingwheel_left": {
					"rotation": {
						"0.0": [0, 0, 0],
						"1.0": [0, 0, 360],
						"2.0": [0, 0, 720]
					}
				},
				"armgear_left": {
					"rotation": {
						"0.0": [0, 0, 0],
						"2.0": [360, 0, 0]
					}
				},
				"waist": {
					"rotation": {
						"0.0": [7.5095, 0.21782, -0.00473],
						"0.5417": [8.9057, 0.21782, -0.00473],
						"1.0": [10.0095, 0.21782, -0.00473],
						"1.5417": [8.59316, 0.21782, -0.00473],
						"1.9167": [7.52754, 0.21782, -0.00473],
						"2.0": [7.5095, 0.21782, -0.00473]
					}
				},
				"waistcog": {
					"rotation": {
						"0.0": [0, 0, 0],
						"2.0": [0, 360, 0]
					}
				},
				"leg_right": {
					"rotation": [-17.5, -27.5, 0]
				},
				"leg_left": {
					"rotation": [-22.5, 15, 0]
				},
				"foot_left": {
					"rotation": [5, 0, 0]
				},
				"foot_right": {
					"rotation": [5, 0, 0]
				}
			}
		},
		"animation.oremand.ground_walk": {
			"loop": true,
			"animation_length": 1,
			"bones": {
				"leg_left": {
					"rotation": {
						"0.0": [38, 0, 0],
						"0.0833": [45, 0, 0],
						"0.2917": [2.5, 0, 0],
						"0.5": [-67.5, 0, 0],
						"0.7083": [-7.5, 0, 0],
						"0.875": [27.5, 0, 0],
						"1.0": [38, 0, 0]
					}
				},
				"foot_left": {
					"rotation": {
						"0.0": [15.5, 0, 0],
						"0.0833": [17.5, 0, 0],
						"0.2917": [60, 0, 0],
						"0.5": [10, 0, 0],
						"0.7083": [2.5, 0, 0],
						"0.875": [12.5, 0, 0],
						"1.0": [15.5, 0, 0]
					}
				},
				"leg_right": {
					"rotation": {
						"0.0": [-67.5, 0, 0],
						"0.2083": [-7.5, 0, 0],
						"0.375": [27.5, 0, 0],
						"0.5833": [45, 0, 0],
						"0.7917": [2.5, 0, 0],
						"1.0": [-67.5, 0, 0]
					}
				},
				"foot_right": {
					"rotation": {
						"0.0": [10, 0, 0],
						"0.2083": [2.5, 0, 0],
						"0.375": [12.5, 0, 0],
						"0.5833": [17.5, 0, 0],
						"0.7917": [60, 0, 0],
						"1.0": [10, 0, 0]
					}
				},
				"body": {
					"rotation": ["15+Math.cos((query.anim_time+0.1) * 90*4) * -5", 0, "Math.cos((query.anim_time+0.1) * 90*16) * -0.4"],
					"position": ["Math.cos((query.anim_time) * 90*24) * 0.15", "Math.cos((query.anim_time+0.1) * 90*8) * 0.5", 0]
				},
				"arm_right": {
					"rotation": [-7.85085, -31.63886, "14.7276+Math.cos((query.anim_time-0.1) * 90*4) * -5"]
				},
				"forearm_right": {
					"rotation": [-20, 0, "35+Math.cos((query.anim_time-0.2) * 90*4) * -5"]
				},
				"hand_right": {
					"rotation": [-25, 0, "27.5+Math.cos((query.anim_time-0.3) * 90*4) * -5"]
				},
				"crushingwheel_right": {
					"rotation": [0, 0, "-(math.abs((query.anim_time ) * 90*2) * 4)"]
				},
				"armgear_right": {
					"rotation": ["math.abs((query.anim_time ) * 90*2) * 4", 0, 0]
				},
				"arm_left": {
					"rotation": [-7.85085, 31.63886, "-14.7276+Math.cos((query.anim_time-0.1) * 90*4) * -5"]
				},
				"forearm_left": {
					"rotation": [-20, 0, "-35+Math.cos((query.anim_time-0.2) * 90*4) * -5"]
				},
				"hand_left": {
					"rotation": [-25, 0, "-27.5+Math.cos((query.anim_time-0.3) * 90*4) * -5"]
				},
				"crushingwheel_left": {
					"rotation": [0, 0, "math.abs((query.anim_time ) * 90*2) * 4"]
				},
				"armgear_left": {
					"rotation": ["math.abs((query.anim_time ) * 90*2) * 4", 0, 0]
				},
				"waistcog": {
					"rotation": [0, "math.abs((query.anim_time ) * 90*1) * 4", 0]
				}
			}
		},
		"animation.oremand.faint": {
			"loop": true,
			"animation_length": 3,
			"bones": {
				"leg_left": {
					"position": {
						"0.9583": [0, 0, 0],
						"1.3333": [0, 0, 0],